sector,n,merged_ic,merged_rankic
agriculture,805646,0.05085119232535362,0.06765183870503996
black,533599,0.0455896370112896,0.062117927105855654
chemicals,613411,0.049523044377565384,0.07323009277507508
energy,245867,0.03982479125261307,0.04615324969790544
metals,447326,0.032398074865341187,0.04325012004131276
precious,181648,0.013466308824717999,0.035242294702657
