session_type,count,mean,std
day,1359,0.0657478669223609,0.22391876303183902
night,940,0.07581203028312303,0.19565798916503374
