period,pooled_IC,SN_nonoverlap_IC,raw_nonoverlap_IC,dense_IC,merged_IC,SN_nonoverlap_RankIC,n_scored
2019,0.06206921185778537,0.0698628358475964,0.07824733189979162,0.07723359572252556,0.06155475229024887,0.07978936112456819,2693337
2020,0.048158729396265074,0.06136470178446511,0.0642866699938503,0.07040775044779957,0.04831570014357567,0.06775784465454641,2827738
2019+2020_oos_walkforward,0.053589612111624586,0.06777436926924316,0.07554922548734841,0.07373409108315471,0.05351289361715317,0.07574865364516577,5521075
