month,ic,rows
2020-01,0.0509500493064072,206469
2020-02,0.020312220816763316,163452
2020-03,0.02850509380065447,180119
2020-04,0.04554642117011209,175830
2020-05,0.06686788724931948,245850
2020-06,0.039276316132666425,269027
2020-07,0.029672057038496465,316667
2020-08,0.0392459405834258,286473
2020-09,0.05215520360300754,296947
2020-10,0.0069484950669754025,219635
2020-11,0.01478446273053831,287578
2020-12,0.013202647332815783,291488
