year,n,ic,rank_ic
2020,2939535,0.032293954976066706,0.05044621504496611
