{
  "source_dir": "/root/autodl-tmp/quant/ML/effective_rolling_results/mlp_overlap333_xsz_hl12_n1200k/month_parts",
  "base_script": "/root/autodl-tmp/quant/ML/agent_runs/mlp_20260628/mlp_same_model_viewcal_screen.py",
  "candidate": "raw_center_z__row__simplex",
  "views": [
    "pred",
    "pred_xcenter",
    "pred_xsz",
    "pred_xrank"
  ],
  "selected_by": "Forced from the precomputed 2019-only screen table for an audited sub-family. In this run the sub-family is low-dimensional, strongly-regularized time-bucket calibration; the chosen config is the highest score=mean-0.25*std member of that sub-family, with no 2020 data used.",
  "selected_experiment": {
    "experiment": "time120_slope_a0.25_strong",
    "fit_window_mode": "expanding",
    "calibration_kind": "time_bucket",
    "alpha": 0.25,
    "bucket_minutes": 120.0,
    "min_count": 5000,
    "k": 20000.0,
    "clip_low": 0.8,
    "clip_high": 1.2,
    "screen_mean_2019q2q4": 0.06143169278541057,
    "screen_std_2019q2q4": 0.010076439632866804,
    "screen_score_mean_minus_0p25std": 0.05891258287719387,
    "screen_h2_mean": 0.055896081193395175,
    "screen_q4_mean": 0.05420501028148297,
    "q2_mean": 0.0725029159694414,
    "q3_mean": 0.057587152105307376,
    "q4_mean": 0.05420501028148297
  },
  "final_fit_months": [
    "2019-01",
    "2019-02",
    "2019-03",
    "2019-04",
    "2019-05",
    "2019-06",
    "2019-07",
    "2019-08",
    "2019-09",
    "2019-10",
    "2019-11",
    "2019-12"
  ],
  "test_months": [
    "2020-01",
    "2020-02",
    "2020-03",
    "2020-04",
    "2020-05",
    "2020-06",
    "2020-07",
    "2020-08",
    "2020-09",
    "2020-10",
    "2020-11",
    "2020-12"
  ],
  "final_fit_ic": 0.060316702134598256,
  "weights": {
    "pred": 0.47932102641333674,
    "pred_xcenter": 0.4584658247703539,
    "pred_xsz": 0.03221423761424821,
    "pred_xrank": 0.02999891120206114
  },
  "calibration": {
    "name": "time120_slope_a0.25_strong",
    "kind": "time_bucket",
    "alpha": 0.25,
    "bucket_minutes": 120,
    "min_count": 5000,
    "k": 20000.0,
    "clip_low": 0.8,
    "clip_high": 1.2
  },
  "no_future_leakage_note": "All view weights and calibration multipliers are selected/fitted with 2019 labels only. 2020 labels are read only after the selected 2019-only config is frozen."
}
