year,n,ic,rank_ic
2020,2939535,0.027534381051905043,0.045261317290428794
