year,n,ic,rank_ic
2019,2698490,0.027540837266175976,0.05340678062372342
2020,2875688,0.02441032838603704,0.044175302020959234
