view,weight
pred,0.47932102641333674
pred_xcenter,0.4584658247703539
pred_xsz,0.03221423761424821
pred_xrank,0.02999891120206114
