key,multiplier
0,0.9571343468862143
1,1.0
10,1.02307730454508
11,0.9600404116971202
4,1.0285206843473897
5,0.9822265676299843
6,0.9773239349023053
7,1.0471049987985745
