benchmark,label_rows,monthly_ir,monthly_mean,monthly_std,pooled_ic,rows
historical_best_ic0716_artifact_2020_pred,2939535.0,3.624334610299205,0.07197975105748601,0.01986012849170782,0.06987703821875726,3915511.0
historical_best_ic0716_artifact_2020_xsz,2939535.0,7.220320784916569,0.06024657677701017,0.008344030490011853,0.058103164134973476,3915511.0
core_moe_noDL_artifact_2020_pred,2939535.0,5.585778074481933,0.058712152162469076,0.010511006950077315,0.056149787404653005,3915511.0
core_moe_noDL_artifact_2020_xsz,2939535.0,5.486144392307734,0.057312583699480835,0.010446787324781371,0.054930152303333445,3915511.0
expanded_history_gate_clean_stack_summary,,5.428827270369262,0.0617299422176296,,0.0591377377384618,
