year,n,ic,rank_ic
2020,2213665,0.03965984895636088,0.04984013179901677
