bin,mean_return,rows
1,-0.0005685386,110982
2,-0.00035380956,121355
3,-0.00024860413,161966
4,-0.0001982006,121643
5,-0.00018002368,159566
6,-0.00012465336,137296
7,-9.119973e-05,176418
8,-8.956016e-05,123173
9,-6.0504077e-05,160247
10,-2.8353132e-05,121234
11,-5.723089e-06,180092
12,1.9311949e-05,117857
13,4.1205916e-05,165563
14,6.5918175e-05,134179
15,8.996507e-05,164145
16,0.00010343078,132566
17,0.00015052907,164033
18,0.00017282362,119727
19,0.00023025599,163594
20,0.00034847402,203899
