benchmark,rows,label_rows,pooled_ic,monthly_mean,monthly_std,monthly_ir
historical_best_ic0716_artifact_2020_pred,3915511.0,2939535.0,0.06987703821875726,0.07197975105748601,0.01986012849170782,3.624334610299205
historical_best_ic0716_artifact_2020_xsz,3915511.0,2939535.0,0.058103164134973476,0.06024657677701017,0.008344030490011853,7.220320784916569
core_moe_noDL_artifact_2020_pred,3915511.0,2939535.0,0.056149787404653005,0.058712152162469076,0.010511006950077315,5.585778074481933
core_moe_noDL_artifact_2020_xsz,3915511.0,2939535.0,0.054930152303333445,0.057312583699480835,0.010446787324781371,5.486144392307734
expanded_history_gate_clean_stack_summary,,,0.0591377377384618,0.0617299422176296,,5.428827270369262
