sector,n,merged_ic,merged_rankic
agriculture,798389,0.05669273063540459,0.08446682095669047
black,515750,0.04472217336297035,0.05692851661107464
chemicals,488301,0.05839831754565239,0.07856157005449742
energy,220438,0.026867657899856567,0.040614140703828794
metals,465215,0.03059537149965763,0.05150923318751442
precious,200322,0.016332361847162247,0.03537605038651746
