sector,n,merged_ic,merged_rankic
agriculture,805646,0.05101953074336052,0.06919954118344528
black,533599,0.048010971397161484,0.060160735104632386
chemicals,613411,0.043744903057813644,0.06975261986893765
energy,245869,0.03615421801805496,0.04884845026112863
metals,447326,0.032012805342674255,0.049406647612731114
precious,181652,0.02042466029524803,0.03859766269575124
