session_type,count,mean,std
day,1359,0.06196767992183245,0.23111085968699036
night,940,0.06794251671325718,0.20679966566849434
