sector,n,merged_ic,merged_rankic
agriculture,798389,0.06929988414049149,0.0892977020245351
black,515750,0.05381995067000389,0.0615739984085358
chemicals,488301,0.06058301031589508,0.08202842174014129
energy,220436,0.034963544458150864,0.04428111155203073
metals,465215,0.03439386561512947,0.05201004516160823
precious,200318,0.019358869642019272,0.038767617302321755
