session_type,count,mean,std
day,1359,0.0695222263929468,0.23677826622958337
night,940,0.07278948647512094,0.20330647834690055
